[
    {
        "policyNumber": "CIS-222222",
        "claimNumber": "15000",
        "policyPeriod": "06/25/2010-06/25/2011",
        "adjustMeth": "Q",
        "controlFile": "",
        "dateOfLoss": "40385",
        "occuranceDate": "40414",
        "suffixStatus": "Ordered",
        "claimMadeDate": "40421",
        "suffixNumber": "2",
        "producerCode": "2442",
        "reactDate": "40423",
        "hco": "787",
        "majMinLine": "4244",
        "ug": "R",
        "riskId": "P98",
        "dateReceived": "40453",
        "up": "934",
        "lineGroup": "34",
        "catNo": "4",
        "coCode": "4",
        "rejectId": "11E6EAFZ",
        "cardNo": "1",
        "transaction": "55-55(Paid)",
        "eodDirPrior": "3939.98",
        "directChange": "0",
        "directCurrent": "244.44",
        "cededPrior": "0"
    }
]