[
    {
        "policyNumber": "CIS-222222",
        "claimNumber": "15000",
        "reCd": "0",
        "reUc": "0",
        "reCc": "0",
        "reNw": "1",
        "paCd": "804024",
        "paUc": "0",
        "paCc": "4242",
        "paNw": "0",
        "exCd": "3222355",
        "exUc": "188975",
        "exCc": "443.3",
        "exNw": "2",
        "saCd": "0",
        "saUc": "0",
        "saCc": "0",
        "saNw": "0",
        "suCd": "344.54",
        "suUc": "424",
        "suCc": "0",
        "suNw": "0"
    }
]