[
    {
        "quUserId": "TLEE",
        "quClaimOff": "105",
        "quAtlasYear": "11",
        "quClaimNumber": "147772",
        "quSetup": "Y",
        "quUnderwritingGroup": "7",
        "quSourceCode": "4",
        "quPolicyPrefix": "LA",
        "quPolicyNumber": "02514110",
        "termId": "10",
        "quLargeLossIndicator": "",
        "quSuspensionReason": "",
        "quCompensationClaimIndicator": "",
        "quTreatyIndicator": "<80",
        "quNolCount": 1.0,
        "quFirstInDate": "2017-08-18",
        "niRiskId": null,
        "niCompensationId": null
    },
    {
        "quUserId": "TLEE",
        "quClaimOff": "105",
        "quAtlasYear": "11",
        "quClaimNumber": "147773",
        "quSetup": "Y",
        "quUnderwritingGroup": "7",
        "quSourceCode": "4",
        "quPolicyPrefix": "LA",
        "quPolicyNumber": "02514110",
        "termId": "10",
        "quLargeLossIndicator": "",
        "quSuspensionReason": "",
        "quCompensationClaimIndicator": "",
        "quTreatyIndicator": "<80",
        "quNolCount": 1.0,
        "quFirstInDate": "2017-08-18",
        "niRiskId": null,
        "niCompensationId": null
    },
    {
        "quUserId": "TLEE",
        "quClaimOff": "105",
        "quAtlasYear": "11",
        "quClaimNumber": "147775",
        "quSetup": "Y",
        "quUnderwritingGroup": "7",
        "quSourceCode": "4",
        "quPolicyPrefix": "LP",
        "quPolicyNumber": "02080916",
        "termId": "16",
        "quLargeLossIndicator": "",
        "quSuspensionReason": "",
        "quCompensationClaimIndicator": "",
        "quTreatyIndicator": "<80",
        "quNolCount": 1.0,
        "quFirstInDate": "2017-08-18",
        "niRiskId": null,
        "niCompensationId": null
    },
    {
        "quUserId": "TLEE",
        "quClaimOff": "105",
        "quAtlasYear": "11",
        "quClaimNumber": "147776",
        "quSetup": "Y",
        "quUnderwritingGroup": "7",
        "quSourceCode": "4",
        "quPolicyPrefix": "LP",
        "quPolicyNumber": "02080916",
        "termId": "16",
        "quLargeLossIndicator": "",
        "quSuspensionReason": "",
        "quCompensationClaimIndicator": "",
        "quTreatyIndicator": "",
        "quNolCount": 1.0,
        "quFirstInDate": "2017-08-18",
        "niRiskId": null,
        "niCompensationId": null
    },
    {
        "quUserId": "TLEE",
        "quClaimOff": "105",
        "quAtlasYear": "10",
        "quClaimNumber": "147710",
        "quSetup": "Y",
        "quUnderwritingGroup": "C",
        "quSourceCode": "1",
        "quPolicyPrefix": "XLB",
        "quPolicyNumber": "01330539",
        "termId": "39",
        "quLargeLossIndicator": "",
        "quSuspensionReason": "MCLAUGHLIN INSULATION CO.",
        "quCompensationClaimIndicator": "",
        "quTreatyIndicator": "SPE",
        "quNolCount": 3.0,
        "quFirstInDate": "2017-07-28",
        "niRiskId": null,
        "niCompensationId": null
    },
    {
        "quUserId": "TLEE",
        "quClaimOff": "820",
        "quAtlasYear": "79",
        "quClaimNumber": "504057",
        "quSetup": "Y",
        "quUnderwritingGroup": "C",
        "quSourceCode": "1",
        "quPolicyPrefix": "XLB",
        "quPolicyNumber": "01330730",
        "termId": "30",
        "quLargeLossIndicator": "",
        "quSuspensionReason": "ASTEN HILL CO.",
        "quCompensationClaimIndicator": "",
        "quTreatyIndicator": "SPE",
        "quNolCount": 21.0,
        "quFirstInDate": "2017-07-24",
        "niRiskId": null,
        "niCompensationId": null
    }
]